{"cameraMode":{"drawMode":0,"name":"Shaded","section":"Shading Mode"},"sceneLighting":true,"audioPlay":false,"sceneViewState":{"showFog":true,"showMaterialUpdate":false,"showSkybox":true,"showFlares":true,"showImageEffects":true,"showParticleSystems":true,"showVisualEffectGraphs":true,"m_FxEnabled":true},"in2DMode":false,"pivot":{"x":31.8250732421875,"y":-29.700220108032228,"z":41.92989730834961},"rotation":{"x":0.4379408657550812,"y":0.002693500369787216,"z":-0.001308480859734118,"w":0.8989986181259155},"size":48.863441467285159,"orthographic":false}