{"cameraMode":{"drawMode":0,"name":"Shaded","section":"Shading Mode"},"sceneLighting":true,"audioPlay":false,"sceneViewState":{"showFog":true,"showMaterialUpdate":false,"showSkybox":true,"showFlares":true,"showImageEffects":true,"showParticleSystems":true,"showVisualEffectGraphs":true,"m_FxEnabled":true},"in2DMode":false,"pivot":{"x":31.005001068115236,"y":-7.212196350097656,"z":29.675071716308595},"rotation":{"x":0.47265952825546267,"y":0.0026404603850096466,"z":-0.0014124924782663584,"w":0.8812382221221924},"size":51.7280158996582,"orthographic":false}