{"cameraMode":{"drawMode":0,"name":"Shaded","section":"Shading Mode"},"sceneLighting":true,"audioPlay":false,"sceneViewState":{"showFog":true,"showMaterialUpdate":false,"showSkybox":true,"showFlares":true,"showImageEffects":true,"showParticleSystems":true,"showVisualEffectGraphs":true,"m_FxEnabled":true},"in2DMode":false,"pivot":{"x":31.366647720336915,"y":-40.96189880371094,"z":47.87049102783203},"rotation":{"x":0.4567228853702545,"y":0.0013309572823345662,"z":-0.0006796778761781752,"w":0.8896064758300781},"size":58.57917022705078,"orthographic":false}