{"cameraMode":{"drawMode":0,"name":"Shaded","section":"Shading Mode"},"sceneLighting":true,"audioPlay":false,"sceneViewState":{"showFog":true,"showMaterialUpdate":false,"showSkybox":true,"showFlares":true,"showImageEffects":true,"showParticleSystems":true,"showVisualEffectGraphs":true,"m_FxEnabled":true},"in2DMode":false,"pivot":{"x":3.866130828857422,"y":-234.32867431640626,"z":258.10540771484377},"rotation":{"x":0.3718751072883606,"y":-0.034802503883838657,"z":0.013956796377897263,"w":0.9275256991386414},"size":193.4700164794922,"orthographic":false}