{"cameraMode":{"drawMode":0,"name":"Shaded","section":"Shading Mode"},"sceneLighting":true,"audioPlay":false,"sceneViewState":{"showFog":true,"showMaterialUpdate":false,"showSkybox":true,"showFlares":true,"showImageEffects":true,"showParticleSystems":true,"showVisualEffectGraphs":true,"m_FxEnabled":true},"in2DMode":false,"pivot":{"x":9.994071960449219,"y":-0.6316452026367188,"z":9.515279769897461},"rotation":{"x":-0.42441150546073916,"y":-0.002176653826609254,"z":0.0010169099550694228,"w":-0.9054738283157349},"size":26.991374969482423,"orthographic":false}