{"cameraMode":{"drawMode":0,"name":"Shaded","section":"Shading Mode"},"sceneLighting":false,"audioPlay":false,"sceneViewState":{"showFog":true,"showMaterialUpdate":false,"showSkybox":false,"showFlares":true,"showImageEffects":true,"showParticleSystems":true,"showVisualEffectGraphs":true,"m_FxEnabled":true},"in2DMode":false,"pivot":{"x":0.17017912864685059,"y":0.9101510047912598,"z":0.4920797348022461},"rotation":{"x":0.2533462643623352,"y":0.16016478836536408,"z":-0.04257315769791603,"w":0.9530757665634155},"size":5.366025924682617,"orthographic":false}